Price,Ticker,embed_1,embed_2,embed_3,embed_4,embed_5,embed_6,embed_7,embed_8,embed_9,embed_10,embed_11,embed_12,embed_13,embed_14,embed_15,embed_16,embed_17,embed_18,embed_19,embed_20,embed_21,embed_22,embed_23,embed_24
ADANIPORTS.NS,ADANIPORTS.NS,-0.1761864849613336,-0.05074903819494843,-0.13614532072395885,-0.04624817024146331,0.03743136053248681,0.06681453829210417,-0.05800181588119486,-0.044936134989169645,-0.03426266459849383,-0.03220775901991371,-0.04091323714944912,-0.11554024716909331,0.00635627627418654,0.004009833548728505,-0.17086725069541242,-0.0014337838169993667,-0.012649595261828257,-0.0012137030672076385,-0.06302746183752647,-0.05349068394432769,0.06820454544105012,0.009667790757737493,-0.09230742319315333,0.021006272314441136
ASIANPAINT.NS,ASIANPAINT.NS,0.0038714967965592473,0.3104523882287949,0.01479919111806328,-0.003269204353811639,0.11599878962171396,0.011123474578299045,0.05488996837612659,-0.003045175124241579,-0.03591250372584799,-0.002814394190326302,0.016824257322735025,-0.04382606294405658,0.05978612256029152,-0.09149536478280611,-0.1310509248803958,-0.036390807477480615,0.07566479948223521,0.06575019464006465,-0.015766819600958902,0.043090530216900624,0.08373836632516858,-0.10342406612688239,0.049195346951574306,0.01898428202174066
AXISBANK.NS,AXISBANK.NS,-0.23070127150576794,0.05095190425730016,-0.1694056560769665,-0.07340308801253038,-0.056287438187526906,-0.10911977872548081,-0.06761982592765031,0.07219462746457626,-0.02603525501507388,0.02222939433433913,-0.02266532197383904,0.04335746181976417,0.026601633244610786,0.10017631118965176,-0.051959861147225644,-0.030839346057395394,0.036437583507598945,0.09457634304930713,-0.02554245350970848,0.027352109733694212,-0.0038670518447956174,0.028166780565257774,0.082159790376763,-0.016206249123294974
BAJAJ-AUTO.NS,BAJAJ-AUTO.NS,-0.04662320806728109,0.05316078393862002,0.16518269934337407,-0.05954311875976647,-0.17845407201866847,0.07495799890540276,-0.04982373848778397,0.04870279306672794,0.06095675787421168,0.04141047083249312,0.08971453735698279,0.003473523571048215,-0.09987538356537996,-0.03618143485855303,0.07597233697328784,-0.06570686114465835,-0.017948656277294316,0.05609581163777855,0.014712662592333944,-0.042870853234733816,0.09449336701839993,-0.09706159404283833,0.035276052018964874,0.022879107757735717
BAJFINANCE.NS,BAJFINANCE.NS,-0.16436685324291822,0.2512079775437423,-0.03639436577844324,0.04510433069324043,0.04848442583996082,-0.06066572106935029,0.12650454656594806,-0.012681459114446306,-0.04309195877903169,0.04002075526195794,-0.020910322204467993,0.0310555739267644,0.013174218331402823,0.06997939788769829,0.10184455654657519,-0.052554719524157016,-0.03592403204344888,-0.0006631262205704021,0.09728414658093631,-0.0254819208341198,-0.03266932131899734,-0.06695618587988704,-0.02867370042800819,-0.006940106618146907
BHARTIARTL.NS,BHARTIARTL.NS,0.022107693548494033,-0.08117372061301784,0.03465667454893371,-0.036835128007233965,0.050364866361348785,-0.13906470776024757,-0.14326710277754948,-0.012524043908409596,0.13516428697251778,0.07944573376277954,0.1789139180558884,-0.17318460944192435,0.04522700555128712,0.10638121569977962,0.08283840450942298,0.03447504565769211,-0.0647995441340165,-0.025544819926416204,0.003731976250228554,-0.04117102896375267,0.017560540305714856,0.05198393394066629,-0.029675983400811567,-0.005094927592394783
BPCL.NS,BPCL.NS,-0.1752927151959889,-0.017457983672350547,0.16853937293950705,0.24471547012851452,0.10617292267620958,0.06944870820264312,-0.10862180122489865,0.11405539778235314,-0.09285857681537356,0.08556904122060123,-0.02333689840196028,0.02270503918727667,0.09776133085630753,-0.006315305599513894,0.0568847077593959,0.04367234002589853,-0.048495737312035,0.006798585284908356,-0.05121304535059034,-0.0093617370519906,0.004442628396388198,0.00037764001628750373,-0.009537623776943647,-0.005439604179406869
BRITANNIA.NS,BRITANNIA.NS,0.11005054030043315,0.29494080142778006,0.21269739600084256,0.00044828967431673417,0.1078644490232687,0.06733275399024312,-0.010590413272135037,-0.026135551666380232,0.041521638112954624,-0.05410447247936642,-0.06326863542312122,0.036911768236976505,-0.049829621100825595,0.11548479955481053,-0.0972989293405832,0.06248607046004421,-0.03481215283826541,-0.07162199407996248,-0.05850801143943757,0.010146244074783818,-0.05064347001155463,0.004762788550532907,-0.0096709654760184,-0.06064275700333461
CIPLA.NS,CIPLA.NS,0.23814824258216336,-0.0919212721400246,0.08918064325455173,-0.240339023548702,-0.07094602171618478,0.06794918881447018,0.05266341263969302,0.054693657404607195,0.005799610352212099,0.02659639239019485,-0.1287767890349527,-0.09885056780656584,0.01042299683812111,0.0917573555585695,-0.0016044149496733991,0.023786807338064563,0.10150596329368267,-0.04368722870882363,0.042451375749616285,-0.012072689093699254,0.06902332312926095,0.06618488031997426,-0.006166902041688541,0.053303346146118744
COALINDIA.NS,COALINDIA.NS,-0.04007536102233741,-0.28303034056535553,0.2008978232168703,0.04326023570688424,-0.07319990778236755,-0.15671628944169338,0.007581184891116751,-0.04104314196104299,-0.0026431580353131305,-0.02151594382224313,-0.0997335261379411,0.036994538122235625,-0.0526610564473299,0.06580034667894401,0.026222551560476478,-0.06901737107291929,0.09254949450241048,0.034172898931713616,-0.0668399547208762,-0.0680892733046144,-0.042368226022773264,-0.08281327520786008,-0.050459193447231245,-0.0010411331213563105
DIVISLAB.NS,DIVISLAB.NS,0.2491629034316503,0.09061899346298806,0.0505695325313888,-0.25139735860674706,0.11899647778200978,-0.07727869386008773,0.11000813635781173,0.08360727616376264,-0.04963232871013221,0.14474709233461283,0.054181700866401665,0.0456289559529719,-0.007771033977679321,0.018641071969263547,-0.023684279218948924,-0.03308014497431536,-0.09329422087113462,0.10249327177104191,-0.07945286547051017,-0.03188995394183606,-0.0034975913906827583,-0.0011233521172925587,-0.059708588325341705,0.011636546812244948
DRREDDY.NS,DRREDDY.NS,0.4087273105590709,-0.05545723489969154,0.21371354380011576,-0.26320787263660855,0.06753955807089332,-0.07526025137689918,-0.0639972883506162,-0.04874546202948363,-0.16931858481832296,0.008009191957309272,0.029682698355402454,0.10342877162243529,0.003664313465179923,-0.09970850449419456,-0.009109921949201603,0.01554213936883012,0.03062746636270346,-0.09655080756870331,0.07944798339298347,-0.02679030490393747,0.017481132408900663,-0.008403209787161631,-0.04835064613519414,-0.00587259487729685
EICHERMOT.NS,EICHERMOT.NS,-0.06396335402666599,0.11686458553619093,0.14843375249106677,-0.006114470107039028,-0.12918809419217464,0.11972704093341265,0.057160185557194966,-0.1661233895820805,-0.025082250397725773,-0.031162079728708086,0.011679995286619251,-0.046122775894601724,0.05811531287956832,0.11825105325944091,0.08169234359841199,-0.09013746564724416,0.0454418847057113,-0.09238389410113773,-0.06407095880846886,0.09261474989137851,-0.017005501857348237,-0.02770234621688295,-0.0013150734690500448,-0.00792672412009397
GAIL.NS,GAIL.NS,-0.042351170946944246,-0.25916288954019584,0.13612198863735644,0.11525235834850314,0.0699532084085054,0.01436173304320788,-0.05410816570593052,0.12214757565036101,0.07228231260250055,0.020980139718299134,0.018954613488771213,0.10030452037566599,-0.08629886939098645,0.02324317202140168,-0.07946436443528739,-0.05361834455178111,-0.06511920335381739,-0.03873462017091574,0.12028454568926213,0.07835568468532085,-0.0036488863932886144,0.0025745834873498155,0.04039081260158857,0.07923743370025986
GRASIM.NS,GRASIM.NS,-0.22706401276488178,-0.05042751379307111,-0.17352787856087673,-0.0869995500776971,0.07465812081307101,0.11207498195844443,0.01834141841569563,-0.026718857736174034,0.02060366936357295,0.018870489714265564,0.012128346534744787,-0.017798865428547382,0.011874264095693459,-0.04385755449988864,0.07524723116697397,0.050974746300881855,0.04452127195055713,-0.11570557511947437,0.044796054982291875,-0.031133603302804347,0.06552615642118666,-0.029728911048847256,-0.0025028779278679645,0.02597754775575801
HCLTECH.NS,HCLTECH.NS,0.5077185656485256,0.012792120320105285,-0.12228183104490083,0.09278384813703727,-0.08388219543606988,0.08951529231853482,-0.00014462866250985627,-0.0300862283219564,-0.023484529152016424,0.024463179709523546,-0.09374012089044459,-0.06073604865001548,-0.027127346303498317,0.013087380719522226,0.026626935513609493,0.018431743921507246,0.017586721071863695,0.0703540498022111,0.008889487966168818,0.013807543658021105,-0.013273329538812276,0.06615730798223508,0.05603312341451155,-0.028149550779869175
HDFCBANK.NS,HDFCBANK.NS,-0.23604425651567065,0.22499880841629563,-0.10431020182580056,0.02682496801468076,-0.073687951511856,-0.07005900095350323,-0.023864108074991865,0.08631236486955372,-0.01898564003543492,-0.08742264185783173,-0.08905748063108389,0.04278929892022546,-0.04611436008595486,0.015796130359264006,0.01933867726865731,0.03262955748316388,-0.027381579530524888,0.0246079021511434,0.03866886164581066,-0.021540467675592156,0.03738770946528192,0.053587309444569325,-0.012853627364535918,-0.0241218445902532
HEROMOTOCO.NS,HEROMOTOCO.NS,-0.044775142292834,0.10749148607337614,0.20960076076152273,0.025027785452824303,-0.16437390097978719,0.12535080031888568,-0.025261478035385046,0.005699922623191274,0.07016421038420537,-0.09126354786984599,0.16079427024200812,-0.02895802610688453,-0.002857123688607823,-0.06143612048009711,-0.009071593045382508,0.00016395475093650098,0.03284362003783833,0.07994071882618402,0.002927681760616085,0.08508153300409738,0.008114190845914249,0.05140351177826038,-0.06788621984587334,0.0280251783285099
HINDALCO.NS,HINDALCO.NS,-0.07639003261738794,-0.2510077963045404,-0.09087373694745196,-0.01842679886529901,-0.007250446867884984,0.14912989417062347,0.07967091614024802,0.12106609238454474,0.023104978714038812,-0.13641980774671728,0.05390035387573217,0.02554082786011089,0.06470222415983454,0.017458483190771625,-0.04042441660687036,-0.0691677327345184,-0.009221845826697739,0.03208187596668076,0.050864449926981005,0.011600050164314105,-0.023493821702342824,0.01272476933886977,-0.03655536318389892,-0.044204480907542934
HINDPETRO.NS,HINDPETRO.NS,-0.2163952554521687,-0.006926095508653823,0.21217086232333277,0.24195780005324963,0.13939359284141764,0.04939815060219144,-0.054139787154428784,0.06325232130524196,-0.07796307115290081,0.0869931260479311,-0.029987326885332875,-0.0003504278068469228,0.12857189051070253,-0.013405935980723562,0.017560125593093185,0.04956627575431479,0.044053209688624355,0.003931744256719746,-0.004685256838197549,0.0073471226099515825,0.032666588151843715,0.0008305806191194399,-0.03496027208876765,-0.018832539707793323
HINDUNILVR.NS,HINDUNILVR.NS,0.14219660863286038,0.31382168871015365,0.14180138287301078,0.03806350397463882,0.1456905185101179,-0.028140110550985052,-0.06548729074987275,0.0017711587480619343,0.15086524179018873,-0.06535207953884634,0.015523502731377712,-0.05398468539582143,0.021059356877118664,-0.018493667690789736,-0.06417392585582189,-0.056751991144966665,0.08891555996731958,-0.015816160757825864,0.09172585428315695,-0.0667001917568209,-0.11207483011123157,0.01833801905662141,0.03489410732336928,-0.04639347051105901
ICICIBANK.NS,ICICIBANK.NS,-0.24127469923661274,0.013234969099863663,-0.15656343802984996,-0.08831956812854934,-0.061212401463061464,-0.2019749157361863,-0.10041620541977136,0.011376528434979915,-0.05960160607957981,-0.013436542263755591,0.07374877211270918,-0.03956262666592539,0.04276961220242312,0.011019144222834919,-0.035903586268195564,-0.011364312041848176,0.02755225471966144,-0.05765234817193503,0.015897269871453134,0.0006919972903374718,-0.03518527656423215,0.013875764685164724,0.056904697008098845,0.015553542091842868
INDUSINDBK.NS,INDUSINDBK.NS,-0.2570675325856216,0.12605463187206076,-0.028470318982811507,-0.013912079241090702,-0.02815587079660309,-0.014670188205378822,0.12192363075289854,0.1278179469167973,-0.011510380558137426,-0.046999397305465915,-0.07998764302816493,0.05733656573771828,0.041870273817881914,0.025571895292972935,0.06602656999948948,0.05493926132337664,0.0325306024175089,8.097538499923165e-05,0.002320696737227777,0.036861401619118425,0.02120255306233584,0.04892087511248607,0.0008841170572126461,0.07016805228627918
INFY.NS,INFY.NS,0.572248785620232,0.07628617075389638,-0.15838365214421923,0.12582100867130128,0.0006343525944781975,-0.0713157621872618,-0.015481567406470083,-0.01157052728602681,0.03002418193218801,-0.05110024596094048,0.04693366432661284,0.049144270571943066,-0.00968260026320638,-0.004639314699851076,0.007098174861487523,0.12183112762904062,-0.0450426175813805,-0.03467300121567941,0.009457103593599095,0.07661211063681367,-0.02768900367181059,-0.03720398035248457,0.004674565383608765,0.07346444418356624
ITC.NS,ITC.NS,-0.068879099263081,-0.020861243913461815,0.10884706376182796,-0.04596244019235678,-0.038414072696897845,-0.13757967914650376,-0.05497160190519946,-0.13160398037412038,0.0287008526589692,-0.06412591310100092,-0.1427928510179184,-0.05611136692239352,0.09638614854012958,-0.15796684015831094,0.015983658989320044,-0.04294002483213789,-0.09474197686988102,0.044624265333904754,-0.022650083299629493,-0.021876609029163704,-0.08103456242192364,0.04282670999463019,0.014141679255049711,0.1030082408889657
JSWSTEEL.NS,JSWSTEEL.NS,-0.05221212252664993,-0.1264984387114874,-0.10739066956052705,-0.11287886462979534,0.07372458062316546,0.09234944913302699,0.10256595607086168,0.09827714949619493,-0.006405918149502133,-0.17954552130949386,0.059746327042074505,0.0745612711235887,0.0845529408978519,-0.02640889779776672,0.0365483990990921,-0.06963746535663912,-0.053119479580127575,-0.07238356397159992,-0.04904623375392461,-0.06864171963203657,-0.036632754008200354,0.019786375629100805,0.004519933869507168,-0.011948656363888983
KOTAKBANK.NS,KOTAKBANK.NS,-0.10584007465856007,0.203423378529756,0.045332166825940635,0.06442052052383034,-0.017364095401664843,-0.20784766686219394,0.01689992973343835,0.06088028072951626,-0.072627872255799,-0.11128822031669128,0.021578366319610784,-0.023787079796123364,-0.16919786170165593,-0.0651630523425362,0.03651217144911192,0.03776806902431123,0.034642163811193394,-0.009843058474700793,-0.011428249097385698,0.03923729140755593,0.060466577064631884,0.07019102814267054,-0.08449257049679196,-0.04401482347420556
LT.NS,LT.NS,-0.23075974801053778,-0.03233873838646503,-0.17809520753751062,0.01745744521520884,-0.022055578773873093,-0.010380841771328655,-0.10211153525668597,-0.10988896374983798,0.08928135327779937,0.03612946925692544,-0.016174298246906277,0.0937698091794983,0.0377851730173599,0.038961569326713345,-0.06755081233394855,0.04314880026403269,-0.005176515834547159,-0.02006416057347744,0.034429932428238476,-0.0305214489487904,0.06836075280558385,-0.017994626519130905,-0.01586789073238583,-0.061257562706536296
M&M.NS,M&M.NS,-0.08517918882481341,0.06628465732087839,0.0621904975058028,-0.01130069684242973,-0.15693267763945784,0.014419574667457876,-0.01199317497341677,-0.059226825334280704,0.1821339547829853,0.027450730415190267,-0.034952585688245864,0.13791413262896832,0.04141830857142573,-0.03576948802161913,-0.025493329449054084,0.00871906775216273,-0.08341655616940963,-0.054984329394507175,-0.10834548581947194,-0.009807194722648032,0.04292870880520452,0.03703731457085299,-0.0034186472987479486,0.020156833955853593
MARUTI.NS,MARUTI.NS,-0.08487631865146611,0.20137195469285502,0.133245560846024,-0.008590126347367059,-0.18499228138416365,0.050436031146047,0.08841267609680988,-0.07473469717632403,-0.030285118370974123,0.11319823001061333,0.05477642616371492,0.08084979999051888,0.012270238692472967,0.010956442885195415,-0.038855286449398445,0.07316338881652683,0.028754140104023954,0.007792194720405835,0.04857854338134303,-0.07328051422092856,-0.04839483191852125,0.028543847517452026,0.06039916226111653,0.03150141927778156
NTPC.NS,NTPC.NS,-0.10644204863799361,-0.2849223633583349,0.044230826653926573,0.05964762225898791,0.06387651615355652,-0.07575923953634799,0.1758481526555139,-0.08476318428379274,0.07286139291322201,0.0422200001102491,-0.05874827194551959,-0.007131142909255256,-0.032116812334817946,-0.020335206663433733,0.04504706627502279,0.055605223203651084,0.0018757282668205478,0.031853863030222106,0.06209389636111212,-0.03202983551286254,0.01835749646934701,0.025437236329106258,0.01915534867373352,-0.022525670329137708
ONGC.NS,ONGC.NS,-0.0005467759220236031,-0.38790410421315996,0.11301338631862655,0.09933231604856903,-0.04181494890044447,-0.008641772408482906,-0.05241198584831112,0.049228369218327725,-0.04712134096550705,0.04102192423725235,-0.006354047242591657,0.004194391243956999,-0.10800546139979117,0.023069907288679338,-0.08980675798590738,-0.06956642694692562,0.021981601360333666,-0.026515541743150878,-0.016525845350166206,-0.009348474441613082,-0.0050164667925964405,0.04248706569865628,0.031117107524608754,-0.013600944484888387
POWERGRID.NS,POWERGRID.NS,-0.05203133796018563,-0.2358582429105531,0.07548323660506683,0.13825250671224154,0.14120691119790033,-0.10776126038574216,0.19015796029135604,-0.16658796488817718,0.0507535589470145,-0.1212186134415733,0.059646923061170046,-0.05308029019881935,0.0051180628152469685,-0.02191181447733116,-0.00998347765562494,0.04143659315200468,0.004435517143703242,0.03282794251162188,-0.01719424747042214,0.002105212216981051,0.07269031893225857,-0.022209237481637768,0.06197660233271529,-0.003706495144306877
RELIANCE.NS,RELIANCE.NS,0.029333229483874353,0.054321768640298855,0.028747767343964666,0.03779505353224407,-0.09613889161183227,0.03287296067563749,0.006520465177014467,0.12858861748223444,-0.07796266825926486,-0.014274542330976567,-0.10012109889491722,-0.19177438313424017,-0.06673274284578919,-0.038790047840129224,-0.002955415745647559,-0.013160999484077467,-0.14232210407180024,-0.09748887305593715,0.00018536931615389815,0.014885133279974996,-0.00849341924136826,-0.08594339267836708,0.05092496466465675,-0.018934426860787733
SBIN.NS,SBIN.NS,-0.3084530611349156,-0.04308126315731104,-0.10159909477216243,-0.04647460366291918,-0.06383375952311868,-0.13694129022850435,-0.05311304786496968,0.045806878650468154,-0.07669853830627309,-0.017759476648573597,0.06995546829443293,-0.002479482422311183,0.03252630110201647,0.022105469573988446,0.006797050826880365,0.026289702814494754,0.0516153743535926,-0.007061083144755183,-0.026421908563376596,0.03791934986978745,-0.06258084703150742,-0.07761627201349063,0.022980741142924838,0.02825150740682306
SHREECEM.NS,SHREECEM.NS,-0.09251362339927859,-0.018161346671727426,-0.08167153286333295,-0.0465277143468414,0.19132283354152277,0.12176503228732878,-0.1345338109258228,-0.0940170684921231,-0.04066603204404049,-0.04691926640752268,-0.0018065281961291775,0.031627775844064746,-0.13186795617828523,0.00429019343609644,0.12648783314721435,-0.014601068575958935,0.028200182845815852,0.06537469580520645,-0.049482203022255464,0.02262465251334982,-0.06767218413437957,0.01768023910945832,-0.014779374965856504,0.0020293063014612854
SUNPHARMA.NS,SUNPHARMA.NS,0.32868348125492564,-0.18111480202303756,0.08148615601587578,-0.24146473822571252,0.07514411710652752,-0.02395001316529601,-0.06626193666447973,0.05755872859106973,0.06728276743107466,-0.05459943324405701,-0.05592514245466575,0.012938636574671678,0.08390815534523509,0.05015071606256079,0.04448231980283218,0.07486733481214859,-0.017767108809962462,0.07521950757093543,-0.011903051722262841,0.1099439157752016,0.03094541431081497,-0.05074387903041497,0.052575573331133135,-0.06096600783991154
TATACONSUM.NS,TATACONSUM.NS,-0.10501983460910043,0.07945450028526406,-0.06019535825613332,-0.053457722675640175,0.11603663621990463,0.12022518541103429,0.10963461252537425,0.12727517740626626,0.08518239074888312,0.07831530814843844,0.03507353349376022,-0.07444937560510648,-0.07869483834692935,-0.03184880077412035,0.012746919339131454,0.03568760038326215,0.02544950030435175,0.025741250949544405,-0.04583004364391042,-0.07275229845765067,-0.054849827377808746,0.022735810935073267,0.042439400193199216,0.03831796992138043
TATAMOTORS.NS,TATAMOTORS.NS,-0.06744339748406773,-0.17045384364993893,-0.01807312190505185,-0.054546336463017896,-0.18507910207826464,0.06062621001635173,0.01942069862671656,0.007852122870222838,-0.04109790439348265,0.06388114967428667,0.022870351462930143,-0.018748288366752436,0.03189901142279961,-0.14835203669395208,0.003853102386955193,0.07845046566921339,0.002929838474953078,0.01384598594587811,0.005027864647300722,0.007956948668073206,-0.07091912118586881,0.002024598740811504,0.010285767743991064,-0.16895893897075234
TATAPOWER.NS,TATAPOWER.NS,-0.11911950883590544,-0.1527378311609338,-0.15567887284994483,-0.004142785136094094,-0.031011788695902962,0.047794394763694584,0.09632933517917024,-0.05291977397939289,0.021122958726614044,0.09277524188470405,0.0031362938094500158,-0.033291828044524,-0.04621953332204938,0.013495399021571585,-0.08159547525092767,0.08182301317184608,0.010017620919160851,0.00346923996584162,0.011796667942426207,0.07954257334094925,-0.11783536413979606,-0.06119289627259983,-0.11799004709939676,0.05285950600187022
TCS.NS,TCS.NS,0.41705841638389063,0.053998479003179084,-0.14956965264749056,0.14507105493794226,-0.10620351296058758,0.009949649396742248,-0.037869734733058734,0.015114642282945002,0.03904088876500657,-0.09274309959036983,-0.005132275587190182,0.03338377240110064,-0.019292226717686704,0.05034929076569842,0.0058359096991236915,0.030716700564971427,-0.02162357844468874,0.03771492707917384,0.005503541987720234,-0.12753531027654255,0.017714262892349515,-0.09621791971421605,-0.03980996071293417,-0.017787412477298016
TECHM.NS,TECHM.NS,0.45249649928578384,-0.02802473518975722,-0.17372150522594984,0.16579225554305024,0.014417477148947299,-0.06931468115123023,0.07079677968842184,0.0424439607941473,-0.016427499200165813,0.08325684088151493,0.07104635687224929,0.042386760629726315,-0.012621248772648466,-0.048155989567456925,0.010956074248998674,-0.057862293028333095,0.08377677318934966,-0.09538164521057221,-0.13735490300166678,0.007291635935454918,0.013494378743012287,0.041410131744522495,0.04874738558189759,-0.0010584501420150703
TITAN.NS,TITAN.NS,-0.046308082708035506,0.14877301211854893,-0.14711447529824512,-0.016639454821645076,0.0595723063615978,-0.06682934482405022,0.07326932595811096,-0.07705197070259222,0.08402178463929533,0.13613345141319513,-0.04523805472955146,0.0073761252571301955,-0.021671636578681368,-0.031833969630852166,0.008061781563588673,-0.15162619957162254,-0.060618978098639566,-0.019784002846784592,0.043588942162519774,0.1000822614844485,0.03035086574053533,0.0240246026181467,-0.03366951449387422,-0.08085695058601311
ULTRACEMCO.NS,ULTRACEMCO.NS,-0.15024420634592284,0.002565727962452074,-0.1438727903722857,-0.08016078298808019,0.09678414510387388,0.151345657082111,-0.18323578885085132,-0.09777617468327603,0.025515880797455388,0.02083569183717684,-0.05705773769005503,0.043037871193327276,-0.09057202532229149,-0.0724894585796916,0.0407987263190632,-0.002576573197831169,0.033333184070351046,0.0004890499913835978,-0.012743987154460778,0.0030046329419475704,0.012096522454964195,-0.02011345389033975,0.040895092384124435,0.02796257088593633
UPL.NS,UPL.NS,0.028647769105958138,-0.00010340773349429324,-0.02279726556467476,0.03369708176150681,0.011217418537592666,0.09978686942080109,0.024118503724365064,-0.1880210562596705,-0.25502674844962026,-0.03486558868672542,0.08657135797770518,-0.0016500838700411284,-0.015759972967953784,0.08659328314089826,-0.034151717820321004,-0.00884544909051693,-0.10685013556890406,0.04701085262056591,0.03745032280478431,-0.022468023748768433,0.021761278975970348,0.06017481082753744,0.05326979061950269,0.013101932873139975
WIPRO.NS,WIPRO.NS,0.40398823677252765,-0.023696541882884805,-0.1748063387484043,0.1494362415296663,-0.05600657445167773,0.03051563921805612,-0.06538996126990679,0.014478041306846368,-0.02168252351890079,0.03658554170709443,-0.030701841598634216,-0.019293197391835423,0.11714853924290385,-0.022071057021437968,0.033542112586607005,-0.09529564937005268,0.04308356192704065,0.040905390296700435,0.0659178374209417,-0.009300548019221531,0.00983801051372203,0.022532290867181785,-0.07318869580948459,0.03905728159987522
