Price,Ticker,embed_1,embed_2,embed_3,embed_4,embed_5,embed_6,embed_7,embed_8,embed_9,embed_10,embed_11,embed_12,embed_13,embed_14,embed_15,embed_16
ADANIPORTS.NS,ADANIPORTS.NS,-0.013046467146669608,0.010191393958058985,-0.021826854781676244,-0.017571684339408103,0.017368541993683543,0.02075047589474335,0.024551860358424257,-0.008344293333871074,0.014326407203841497,0.014462297746396216,0.053844076895646714,-0.036003284724699346,-0.01713224609705692,0.05855061238782267,-0.0533948943366415,0.0032715456357749824
ASIANPAINT.NS,ASIANPAINT.NS,0.004068902321997863,-0.05439760325328128,-0.006221756743632741,-0.007226239758920199,0.029004983742481744,-0.003297783144415764,-0.01583801741682224,0.005017591574686712,0.014429507098015961,-0.00017460169854982582,0.016561993839408578,-0.03722545090632822,0.003457702342829793,-0.0026078601090079663,-0.07120574646567022,0.009359330476636256
AXISBANK.NS,AXISBANK.NS,-0.01635264173296278,-0.0072784915551901705,-0.03104842044221177,-0.029914406702321112,-0.03477868593295796,-0.02164386835155832,0.011279928472494195,-0.028319537740758977,0.003660583542798155,-0.011067619660287065,-0.031719545903147815,-0.008604072628640862,0.0008397810468141185,0.054458031251880964,0.007471754073878602,0.014791749618188433
BAJAJ-AUTO.NS,BAJAJ-AUTO.NS,-0.004710521894099035,-0.010605171853999215,0.05551166933326756,0.01068365684869385,-0.026833127795605403,0.012949499311503203,0.011998983407617457,-0.019104582966238567,-0.03270666780748455,-0.024460121764577486,0.013986435256036179,0.04954599432307795,0.040578129589686505,-0.03274740133442289,0.0032789847761935903,0.027174239741788446
BAJFINANCE.NS,BAJFINANCE.NS,-0.014388352607179963,-0.04468395441899852,-0.021790141200636864,0.0013077648018799994,0.001619467756338666,-0.006191727036077015,-0.03924243791259801,0.02514870973867989,0.029378221827854517,-0.009441929563271207,-0.02159772896794055,0.0068149570917813256,0.030493889338071137,-0.010924987543913281,0.048937146123311605,0.027628891822116274
BHARTIARTL.NS,BHARTIARTL.NS,-0.004254382928769481,0.012539005346085125,-0.0009307368757197328,-0.017114282755626334,-0.00924219242791173,-0.04156562873878358,0.041945803682719905,0.011145430508849665,-0.04941540576805621,-0.041088295273939764,0.05569644035050584,-0.03507957804926344,0.08090049368866943,-0.004106831818109054,0.055554965717044456,-0.022430943087289653
BPCL.NS,BPCL.NS,-0.03211420666875016,-0.0029407574610364577,0.007424177201485683,0.06601712209317372,0.040424098490413715,-0.035132804775160946,0.017436372034402653,-0.038786309195957935,0.030170675617958023,-0.03192613303637603,-0.026287414602374652,-0.03306861653024855,-0.003184576291079975,-0.024663805430400705,0.014077312592716957,-0.011701586069675635
BRITANNIA.NS,BRITANNIA.NS,0.009006086918239006,-0.05407064284204428,0.0390719523264345,0.010081684907197885,0.03915379183451026,-0.012518213465563019,0.006757468391889036,0.01853918985361136,-0.001137139390081397,0.02759176391380086,-0.009516881321301908,0.009603713283999659,-0.0022306906635849496,0.06693510667703519,-0.0067780606462730045,-0.0239962485075344
CIPLA.NS,CIPLA.NS,0.030465104445195703,0.01892652439157717,0.05583269291471297,-0.03915635265562578,-0.004442003889966875,0.005869040762362365,-0.021199059897384284,-0.0067659332788347435,0.011365265158581453,-0.005419831595535601,0.025158745725652867,-0.018983394314983682,-0.0443502789071938,0.04697147924815998,0.048357097791558064,-0.015715252519132403
COALINDIA.NS,COALINDIA.NS,-0.022057415934961744,0.044111799602147526,0.03176858961527308,0.017471658224846476,-0.037328444406162634,-0.0350228682182223,0.001983742091390513,0.0349873142757427,0.025693518984286522,0.022640935984170676,-0.010290155856372236,0.02574067889915562,-0.004245182683909089,0.021743085820760743,0.022871918260139984,0.013808828446924637
DIVISLAB.NS,DIVISLAB.NS,0.030414853573110263,-0.013830913554635562,0.026293303052886883,-0.06288769715206144,0.015573806273619505,-0.03277936358924068,-0.04164248732534322,0.0032798868591140617,0.023945025145107893,-0.052940288546391163,-0.023588602597470025,0.008041781535336355,0.03489095842989173,0.0020396442937457974,-0.026845638483934408,0.014606391484732716
DRREDDY.NS,DRREDDY.NS,0.03811544732318337,0.00962761387082374,0.05962334828035402,-0.05450840386792805,0.005186332989462526,-0.019966095283602093,0.022829422457015233,-0.0007803833500796754,0.05774708213174731,0.0009053342450475389,-0.03602613443414885,0.010626964020042188,0.014120122334485471,-0.037587551159753804,-0.03759521795552712,-0.014801029551750024
EICHERMOT.NS,EICHERMOT.NS,-0.012100386285650829,-0.023466076597917686,0.03395810601240598,0.013083639992413264,-0.0119225879625925,0.07024510836851765,0.006364475769810142,0.02356678491008284,0.010937847168090537,0.015153829807178183,0.0037888025542800823,-0.025623662801171038,0.013358882163874599,0.01963127345669637,0.07264976329884142,0.03951793092336076
GAIL.NS,GAIL.NS,-0.018514034965981682,0.04118585297070832,0.01618643660001241,0.03392710711283555,0.02186337473600013,-0.03966839750415154,0.00031192152654898117,-0.017473931010434308,-0.031694504406763024,-0.011106178369977538,-0.026131795198525914,0.03993001145250902,0.0005146472938589517,0.0325249781077528,-0.02648871533013864,0.03815882390096617
GRASIM.NS,GRASIM.NS,-0.01694903890301025,0.010450938983386207,-0.026425868248610773,-0.030056462240297805,0.033280970636524305,0.034154011548180326,-0.0023282963982562315,-0.0032014270139819174,-0.015839474684683375,-0.012535476343331627,0.008271995856970542,-0.004304050568978975,-0.023085998284807632,-0.03797607991310364,0.03197192888285888,-0.030777844987949506
HCLTECH.NS,HCLTECH.NS,0.07321038064126416,0.006719066744131482,-0.008319444939850387,0.031046091218361327,-0.004800167408939368,0.020930331882497887,0.004624947018848124,0.002264933384070064,0.018162095722025172,-0.0027532143309909507,0.018716841212523695,0.004235017087801399,-0.029165864669779364,0.008248209581360758,0.022460514915723293,-0.00519396702712413
HDFCBANK.NS,HDFCBANK.NS,-0.015900217219682083,-0.038282683403764235,-0.023928200644313707,0.001797157924465532,-0.029861407729825245,-0.019396683848121994,-0.0055796927847487346,-0.02537198017345916,0.004235361045409758,0.04101671515262821,-0.011413331645441702,0.029049731585461046,-0.02920216796691355,0.010142218653471292,0.010595260055288658,-0.01486639698483779
HEROMOTOCO.NS,HEROMOTOCO.NS,-0.012096823294373697,-0.022638620364445132,0.0474718874532886,0.027534827268539556,-0.017327387936873787,0.04405194266388565,0.009908667071375962,-0.027489322083415643,-0.05501257828624983,0.01718528417796978,0.01987880653244277,0.00090305772831844,0.030321820391209838,-0.019337175005704928,-0.023860250545118176,-0.005142622713681098
HINDALCO.NS,HINDALCO.NS,-0.004986019662644443,0.04547995340133492,-0.0033772022870753628,0.0008566644832168071,0.020114238269780718,0.02650590951143891,-0.04085081672455333,-0.04559694920533578,-0.03511658946577206,0.04267195015215427,-0.016782643280950037,-0.02452027122097457,0.021564176517226984,0.012232193786662337,-0.013086884588334555,0.03545400228486139
HINDPETRO.NS,HINDPETRO.NS,-0.04112997296000832,-0.00663291428614014,0.009907089985942218,0.06275332599436982,0.04497946279189143,-0.031985550246812426,0.007134108298982768,-0.014712853266891392,0.032365755606329316,-0.029763206114663158,-0.019925056294935017,-0.05129974668448415,-0.006899646822575441,-0.016059708039278024,0.005181992520423268,-0.025202359182496664
HINDUNILVR.NS,HINDUNILVR.NS,0.012547760299981319,-0.056886010209172604,0.01320405619153897,0.007122827723127726,0.03224124533064045,-0.03712793150497635,0.017262081297027696,0.01855666185842017,-0.046595752962052504,0.022770342890687266,0.024251004703846772,-0.020936890429718292,0.00479370469680715,0.011094255431808066,-0.014695041868993727,0.007398557023432348
ICICIBANK.NS,ICICIBANK.NS,-0.024049010040893652,-0.002554964855388318,-0.03883949770414811,-0.04203901454557706,-0.05215562200094402,-0.019446733744738647,0.028439436737943156,-0.024649975574748607,0.0065048229005045715,-0.004750422971516221,0.011644849312468824,-0.024032334978830245,0.02360056520989143,-0.00021179032149588344,-0.0066319784000291905,0.0024086800553422606
INDUSINDBK.NS,INDUSINDBK.NS,-0.02527321651719706,-0.023296680158946936,-0.00719049658530878,-0.005269455053753041,-0.00975054627001897,-0.006500629734010224,-0.05672916165623884,-0.02263558641296311,-0.0007605786077899489,0.020679833769853967,-0.033532697639773214,-0.004517674710620948,-0.044988184342519576,-0.0004957499843386774,0.040167149610570455,-0.029085811699424174
INFY.NS,INFY.NS,0.07696872146682318,-0.005137371270261869,-0.036103843075467136,0.020968241976880304,-0.011284613344332553,-0.01122426478617678,0.004621270632634175,0.00541643377566463,-0.014211242921221869,0.014049609203901154,-0.011963768857980426,0.00952689842123489,0.009422921662711234,-0.008943249692655766,-0.005732889817155254,-0.04102068177311665
ITC.NS,ITC.NS,-0.014915157030393502,0.0005123385501190225,0.018618512664520585,-0.010614928067052424,-0.028600542701743635,-0.021178656989059512,0.031050473987276707,0.050030423479208545,0.020237981114318654,0.04438788011733041,0.02235298698880239,-0.045579662250984546,-0.047939600659869075,-0.05912889247911388,-0.01987298535098779,0.030059746476649947
JSWSTEEL.NS,JSWSTEEL.NS,-0.0019555231864154697,0.023821769883242156,-0.009783850818840792,-0.03239045019353503,0.02896632566154123,0.019457535703213458,-0.0452449294576942,-0.03836848506724916,-0.024788515098902578,0.06168858600758148,-0.036563712294539474,-0.021946460595107214,0.018326605785697576,-0.033016771748979934,-0.0038612099326391734,0.033763912962883814
KOTAKBANK.NS,KOTAKBANK.NS,-0.018056597702527752,-0.03909498396223072,-0.016715126807916335,0.0028192791757062747,-0.03641183324821811,-0.0372765625188108,-0.013903178342328409,-0.01374703874804668,0.01782755236384587,0.03819132061815354,0.03529412868966117,0.07104104392675638,0.004185062627695407,-0.022972197485581252,-0.019080984850814123,-0.023139088405620102
LT.NS,LT.NS,-0.016805273610884474,0.007299297213170984,-0.03597641933511347,-0.004308526261400072,-0.009312703430084935,0.010442164120838277,0.04754564701886001,0.03094256140536044,-0.02872842242590459,-0.008280247445678025,-0.043430528980143865,-0.013821351594680963,-0.004621692877618395,0.03226960814291394,-0.01619405687385897,-0.024176529066959298
M&M.NS,M&M.NS,-0.006454706663095575,-0.011962168818768555,0.02520848827663583,0.011594533310988012,-0.03308183523136257,0.013316922496232914,0.013749750150198163,0.03793516687440121,-0.06010655222825453,-0.001743911559258135,-0.05181486717951682,-0.006593219387658058,-0.03343236210262498,-0.0038782902090598054,-0.021602811723264934,0.011596227525216007
MARUTI.NS,MARUTI.NS,-0.011819905966250661,-0.03784207341500556,0.030875115437274874,0.011995425926732703,-0.03591460067160843,0.05301401337622931,-0.013451925568799608,0.01247885069216408,0.00623110403387203,-0.04622017671075281,-0.036285557863041475,0.0052453826627268585,0.0005196123591135088,0.009789805326849232,-0.017465132227747197,-0.037427090824056236
NTPC.NS,NTPC.NS,-0.022488609389510687,0.0465742894250354,-0.002772115930263392,0.010115170289698994,0.004579036945671034,-0.012900143121141796,-0.04338993366405467,0.07199309919567488,0.006232724117855898,-0.00237331595675373,0.008687457842944505,0.015261295611231096,-0.0022375513384005367,-0.013748834301491182,0.009047883534874413,-0.029255676995796655
ONGC.NS,ONGC.NS,-0.014274269846830336,0.06457736271854118,0.01748445928244465,0.032360742997624606,-0.008970768620088148,-0.015432178144934406,0.0099853216524879,-0.017310952172624995,0.014823860937670639,-0.01537930034843368,0.008100216882109858,0.03702082574941783,-0.005200689927034353,0.037166886321993164,-0.022626229682080144,0.03278678694395651
POWERGRID.NS,POWERGRID.NS,-0.02472702989281538,0.03593701527880142,-0.018599372820275933,0.01803490679472849,0.015501913865305332,-0.0016667123381916232,-0.036382443419149715,0.07516686217060076,0.0005848120913733403,0.049515057058280985,0.026209772570478913,-0.005871392046261612,0.04629540529765746,-0.01469459023442223,-0.019347194931164807,-0.02915156760943951
RELIANCE.NS,RELIANCE.NS,0.00833028604961979,-0.008223074020174487,0.015531721009884498,0.021676466490999136,-0.015101892263367275,-0.00947577826772061,-0.018459152224371046,-0.03925537016706939,0.03209864143531231,0.004984457942110389,0.08725509292786121,0.00018043910548735478,-0.03209522891951022,-8.533783929243721e-05,0.009708525620935746,0.03245809852415426
SBIN.NS,SBIN.NS,-0.03669641507388257,0.005165913275914403,-0.030840983715027352,-0.027060314917454274,-0.041915824493364076,-0.006142872871118299,0.009858406370064996,-0.037389078274290895,0.006927685574938705,-0.0062128275114604874,-0.005032400801505916,-0.009305159841263119,0.013130636422051659,-0.004675064896750066,0.008820571150527303,-0.014324345221822713
SHREECEM.NS,SHREECEM.NS,-0.00830837951993584,0.0035074833357293354,-0.018200690391677033,-0.02095499370342991,0.06342634759222791,0.01570653777163607,0.052958098005213235,-0.00453427635006266,0.012239970266080659,0.020637578979457928,-0.0014026484109396257,0.06759635102152538,0.0008504973250577599,-0.01995761587537852,0.03842431677234815,0.001620504986414892
SUNPHARMA.NS,SUNPHARMA.NS,0.03635636544599659,0.034343302454332585,0.04329537367094324,-0.05006461287164931,0.015019913437936324,-0.03738451862787179,0.010468281339745764,-0.0032092764430822623,-0.012987262901799572,0.021703226799220193,-0.018628236782817262,-0.027462549087231294,-0.006980662222411878,0.0033986140546149015,0.025938325965807467,-0.028128846167523126
TATACONSUM.NS,TATACONSUM.NS,-0.005364010447087788,-0.012822496796780991,-0.0051001458433295975,-0.014564794078003639,0.047173725790754045,0.0015996800590917328,-0.04992577017837406,-0.017021041788719552,-0.04062611281996393,-0.043326264797118416,0.042079363540383254,0.024907636391961894,-0.01166132263860843,-0.0009871391363204523,-0.0003364600924147436,-0.02088185957896114
TATAMOTORS.NS,TATAMOTORS.NS,-0.005051686502356487,0.030602694019465516,0.01650975223701878,-0.0005643660320487821,-0.03576994830714839,0.039195390935510575,-0.005040068656658634,-0.019561914853720913,0.005549235816364005,-0.03276550694843648,0.009483756080981502,-0.011218379881920225,-0.029457361852237726,-0.05893220791540942,-0.03557019582570895,-0.03029235891438237
TATAPOWER.NS,TATAPOWER.NS,-0.007699288098834329,0.02859683758556624,-0.02590764301514254,-0.005903098356632597,-0.0028490785883027317,0.03651768182311237,-0.022173810592301446,0.02037515855007968,-0.0035011332439016645,-0.04090921173411846,0.022246491815359582,0.010124864076826669,-0.019582093360640956,0.03956231304385945,-0.019197811041792318,-0.03238016361461685
TCS.NS,TCS.NS,0.06340805066440304,-0.0010852403783507029,-0.02185378293470726,0.03926082880916902,-0.022053220429771182,0.0004179921925551481,0.008837366762240876,-0.006295917017879825,-0.015644722087566013,0.03474021172936604,-0.008037037651864328,0.01021497940042352,0.021013589614374533,0.009036283680028132,0.0061445349743313935,-0.02639143052496353
TECHM.NS,TECHM.NS,0.05969851934599656,0.011765050675653543,-0.04492258069896552,0.027947560246943767,-0.008305638521101867,-0.010791509366518182,-0.02447363851246785,-0.00016218854632280033,-0.0017842212731265746,-0.03272659924611048,-0.012923573381800915,0.011269653884615961,0.004243917755638021,-0.020075676240388324,-0.011689339853873687,0.014558475519306344
TITAN.NS,TITAN.NS,0.0033881461259484603,-0.023574836641767162,-0.035055274410664305,-0.01879748064871462,0.0019850728785597844,-0.003895861424734496,-0.012704337078315512,0.053804082885846295,-0.010655585289222835,-0.04366113517059603,0.0008134700505530268,0.007931776182199073,-0.022685377656408944,-0.007854124196671522,0.0022873004956792875,0.09830032862280459
ULTRACEMCO.NS,ULTRACEMCO.NS,-0.005896963164767154,0.002175446546886281,-0.01572610546416019,-0.02281149025660616,0.04705881448307238,0.023788526334256273,0.07214227898388678,0.00019312659814986626,-0.008111990831934233,-0.0032078174296775275,-0.004122172845722573,0.045519086971514536,-0.046810530180724175,-0.023387255475016782,0.0012637434232030105,0.00685504659502805
UPL.NS,UPL.NS,0.0019310807353710106,9.598375544902352e-06,-0.010542206650716108,0.005318153867332146,0.014400838453060278,0.06638846440917662,0.01742771096313967,0.0009736589719981245,0.08499523379563144,0.012989784329912709,-0.00841433282877023,0.0072379256063311165,0.0716960573464642,0.01978597982337073,-0.013230267237637462,0.003928453655409316
WIPRO.NS,WIPRO.NS,0.05951895570211662,0.012188092166231923,-0.030634341226038697,0.036219399853781586,-0.008409093804454315,0.002190719165810714,0.0165385791701009,-0.013461870241064783,0.005774200749974475,-0.011052753889421438,-0.00848101354260991,-0.04200876080817891,-0.010345560803566883,-0.019374689357324566,0.01801377913157815,0.03329110655248107
